roll,pitch,yaw,x,y,z
-1.57151,4.03802e-05,-1.57125,1.01062,0.000935817,-0.0433623
